姓名,年龄,专业,工作单位,学部,年份
陈松蹊,59,数学地球物理、数学,北京大学,数学物理学部,2021
封东来,48,实验凝聚态物理,中国科学技术大学,数学物理学部,2021
李骏,60,数学,复旦大学,数学物理学部,2021
刘仓理,59,武器物理,中国工程物理研究院,数学物理学部,2021
马余强,56,软物质物理,南京大学,数学物理学部,2021
阮勇斌,58,基础数学,浙江大学,数学物理学部,2021
史生才,56,天体物理,中国科学院紫金山天文台,数学物理学部,2021
万宝年,59,磁约束等离子体物理,中国科学院合肥物质科学研究院,数学物理学部,2021
王玉鹏,56,凝聚态理论,中国科学院物理研究所,数学物理学部,2021
夏克青,63,流体力学,南方科技大学,数学物理学部,2021
张平,51,数学,中国科学院数学与系统科学研究院,数学物理学部,2021
邹冰松,57,理论物理,中国科学院理论物理研究所,数学物理学部,2021
卜显和,56,无机化学,南开大学,化学部,2021
迟力峰（女）,63,物理化学,苏州大学,化学部,2021
房喻,64,物理化学,陕西师范大学,化学部,2021
刘买利,62,分析化学,中国科学院精密测量科学与技术创新研究院,化学部,2021
马光辉（女）,56,生物化工,中国科学院过程工程研究所,化学部,2021
马於光,57,高分子化学与物理,华南理工大学,化学部,2021
王梅祥,60,有机化学,清华大学,化学部,2021
谢素原,53,无机化学,厦门大学,化学部,2021
俞飕,53,有机化学,中国科学院上海有机化学研究所,化学部,2021
兀英进,57,生物化工（合成生物学）,天津大学,化学部,2021
周翔,58,化学生物学,武汉大学,化学部,2021
窦科峰,65,器官移植,中国人民解放军空军军医大学,生命科学和医学学部,2021
李劲松,49,干细胞与胚胎发育,中国科学院分子细胞科学卓越创新中心,生命科学和医学学部,2021
林圣彩,57,生物化学与细胞生物学,厦门大学,生命科学和医学学部,2021
宋保亮,46,生物化学,武汉大学,生命科学和医学学部,2021
滕皋军,58,介入放射学,东南大学,生命科学和医学学部,2021
王以政,63,神经生物学,中国人民解放军军事科学院,生命科学和医学学部,2021
杨维才,57,植物发育生物学,中国科学院遗传与发育生物学研究所,生命科学和医学学部,2021
杨正林,55,临床检验诊断学,四川省人民医院、电子科技大学,生命科学和医学学部,2021
张克勤,62,植物保护、生物防治,云南大学,生命科学和医学学部,2021
张旭,58,泌尿外科学,中国人民解放军总医院,生命科学和医学学部,2021
邓军,63,矿床学,中国地质大学（北京）,地学部,2021
底青云（女）,56,应用地球物理学,中国科学院地质与地球物理研究所,地学部,2021
胡瑞忠,62,矿床学,中国科学院地球化学研究所,地学部,2021
黄建平,58,大气科学,兰州大学,地学部,2021
朴此龙,45,自然地理学,北京大学,地学部,2021
谈哲敏,56,气象学,南京大学,地学部,2021
谢树成,53,地质微生物,中国地质大学（武汉）,地学部,2021
朱敏,55,古生物学,中国科学院古脊椎动物与古人类研究所,地学部,2021
朱彤,58,环境科学（大气化学与环境健康）,北京大学,地学部,2021
丁赤飕,51,信号与信息处理,中国科学院空天信息创新研究院,信息技术科学部,2021
黎湘,53,信号与信息处理,国防科技大学,信息技术科学部,2021
李陟,59,导航、制导与控制,中国航天科工集团,信息技术科学部,2021
刘益春,58,光电功能材料与器件,东北师范大学,信息技术科学部,2021
钱德沛,68,计算机系统结构,北京航空航天大学,信息技术科学部,2021
乔红（女）,56,机器人理论与应用,中国科学院自动化研究所,信息技术科学部,2021
于登云,59,空间飞行器系统工程、动力学与控制,中国航天科技集团,信息技术科学部,2021
郑婉华（女）,55,微电子学与固体电子学,中国科学院半导体研究所,信息技术科学部,2021
朱鲁华,56,网络空间安全,中国人民解放军61212部队,信息技术科学部,2021
祝宇华,61,微波光子学,雄安创新研究院、中国科学院半导体研究所,信息技术科学部,2021
陈光,59,金属材料加工工程,南京理工大学,技术科学部,2021
范瑞祥,56,运载火箭总体设计,中国航天科技集团,技术科学部,2021
顾宁,57,纳米医学材料,东南大学,技术科学部,2021
贾金锋,55,量子材料,上海交通大学,技术科学部,2021
江涌,58,飞行器总体与制导,中国航天科工集团,技术科学部,2021
姜培学,56,热质传递理论与技术,清华大学,技术科学部,2021
冷劲松,52,智能结构力学,哈尔滨工业大学,技术科学部,2021
李杰,63,土木工程（工程防灾）,同济大学,技术科学部,2021
孙军,62,金属材料,西安交通大学,技术科学部,2021
唐志共,56,空气动力学,中国空气动力研究与发展中心,技术科学部,2021
徐世娘,67,结构工程,浙江大学,技术科学部,2021
张卫红,56,机械设计理论与制造技术,西北工业大学,技术科学部,2021
周又和,64,非线性力学,兰州大学,技术科学部,2021
常进,52,天文,中国科学院紫金山天文台,数学物理学部,2019
常凯,54,半导体物理,中国科学院半导体研究所,数学物理学部,2019
方忠,48,凝聚态物理,中国科学院物理研究所,数学物理学部,2019
高原宁,56,粒子物理,北京大学,数学物理学部,2019
林海青,60,凝聚态物理、计算物理,北京计算科学研究中心,数学物理学部,2019
陆夕云,56,流体力学,中国科学技术大学,数学物理学部,2019
孙斌勇,42,基础数学,中国科学院数学与系统科学研究院,数学物理学部,2019
汤超,60,物理生物学,北京大学,数学物理学部,2019
叶向东,56,基础数学,中国科学技术大学,数学物理学部,2019
张继平,60,基础数学,北京大学,数学物理学部,2019
赵红卫,53,加速器物理,中国科学院近代物理研究所,数学物理学部,2019
陈学思,59,高分子化学与物理,中国科学院长春应用化学研究所,化学部,2019
樊春海,45,分析化学,上海交通大学,化学部,2019
李景虹,51,分析化学,清华大学,化学部,2019
马大为,55,有机化学,中国科学院上海有机化学研究所,化学部,2019
施剑林,55,无机化学,中国科学院上海硅酸盐研究所,化学部,2019
吴骊珠（女）,51,有机化学,中国科学院理化技术研究所,化学部,2019
徐春明,54,化学工程,中国石油大学（北京）,化学部,2019
杨金龙,53,物理化学,中国科学技术大学,化学部,2019
俞书宏,51,无机化学,中国科学技术大学,化学部,2019
张锦,49,物理化学,北京大学,化学部,2019
陈子江（女）,59,生殖医学,山东大学,生命科学和医学学部,2019
董晨,51,免疫学,清华大学,生命科学和医学学部,2019
郝小江,67,植物化学,中国科学院昆明植物研究所,生命科学和医学学部,2019
骆清铭,53,生物影像学,海南大学、华中科技大学,生命科学和医学学部,2019
马兰（女）,60,神经生理和药理学,复旦大学,生命科学和医学学部,2019
钱前,57,作物种质资源,中国水稻研究所,生命科学和医学学部,2019
宋尔卫,49,肿瘤学,中山大学,生命科学和医学学部,2019
仝小林,63,中医内科学,中国中医科学院,生命科学和医学学部,2019
王松灵,56,口腔医学,首都医科大学,生命科学和医学学部,2019
谢道昕,56,植物生理学,清华大学,生命科学和医学学部,2019
成秋明,59,数学地质、矿产普查与勘探,中国地质大学（北京）,地学部,2019
戴永久,54,大气科学,中山大学,地学部,2019
李献华,57,同位素年代学和地球化学,中国科学院地质与地球物理研究所,地学部,2019
彭建兵,66,工程地质与灾害地质,长安大学,地学部,2019
孙和平,63,地球物理学、大地测量学,中国科学院测量与地球物理研究所,地学部,2019
王赤,52,空间物理和空间天气,中国科学院国家空间科学中心,地学部,2019
王焰新,55,水文地质学,中国地质大学（武汉）,地学部,2019
肖文交,51,沉积大地构造学,中国科学院新疆生态与地理研究所,地学部,2019
于贵瑞,59,环境生态学,中国科学院地理科学与资源研究所,地学部,2019
赵国春,57,前寒武纪地质和超大陆演化,香港大学、西北大学,地学部,2019
朱永官,51,环境土壤学,中国科学院城市环境研究所,地学部,2019
崔铁军,53,电磁场与微波技术,东南大学,信息技术科学部,2019
段广仁,57,控制理论与应用,哈尔滨工业大学,信息技术科学部,2019
冯登国,54,通信与信息安全,北京信息科学技术研究院,信息技术科学部,2019
江风益,55,半导体光电材料与器件,南昌大学,信息技术科学部,2019
王怀民,57,分布计算,国防科技大学,信息技术科学部,2019
王金龙,56,短波通信,中国人民解放军陆军工程大学,信息技术科学部,2019
相里斌,52,光学,中国科学院光电研究院,信息技术科学部,2019
段进,58,城乡规划学,东南大学,技术科学部,2019
贾振元,55,机械制造及其自动化,大连理工大学,技术科学部,2019
李东旭（女）,62,航天器结构与设计,国防科技大学,技术科学部,2019
毛明,56,坦克装甲车辆总体技术,中国兵器工业集团,技术科学部,2019
蒙大桥,61,核材料与工艺技术,中国工程物理研究院,技术科学部,2019
彭练矛,56,材料物理,北京大学,技术科学部,2019
王秋良,53,强电磁工程与技术,中国科学院电工研究所,技术科学部,2019
吴宜灿,54,核能中子物理与应用技术,中国科学院合肥物质科学研究院,技术科学部,2019
叶志镇,64,无机光电材料,浙江大学,技术科学部,2019
张跃,60,无机非金属材料,北京科技大学,技术科学部,2019
赵天寿,58,能源科学,香港科技大学,技术科学部,2019
赵阳升,63,矿业工程,太原理工大学,技术科学部,2019
郑泉水,58,固体力学,清华大学,技术科学部,2019
朱美芳（女）,53,材料学,东华大学,技术科学部,2019
祝学军（女）,56,导弹与高超声速飞行器设计理论与工程,中国航天科技集团,技术科学部,2019
马余刚,49,原子核物理,中国科学院上海应用物理研究所,数学物理学部,2017
王小云（女）,50,基础数学,清华大学,数学物理学部,2017
方复全,52,数学,首都师范大学,数学物理学部,2017
汤涛,54,计算数学,南方科技大学,数学物理学部,2017
李儒新,47,光学,中国科学院上海光学精密机械研究所,数学物理学部,2017
何国威,54,流体力学,中国科学院力学研究所,数学物理学部,2017
陈志明,51,计算数学,中国科学院数学与系统科学研究院,数学物理学部,2017
徐红星,48,分子光谱和纳米光学,武汉大学,数学物理学部,2017
龚新高,55,计算物理,复旦大学,数学物理学部,2017
韩占文,51,天体物理,中国科学院云南天文台,数学物理学部,2017
蔡荣根,52,引力理论和宇宙学,中国科学院理论物理研究所,数学物理学部,2017
杨万泰,60,高分子化学,北京化工大学,化学部,2017
张东辉,50,物理化学,中国科学院大连化学物理研究所,化学部,2017
陈军,49,无机化学,南开大学,化学部,2017
岳建民,55,有机化学（天然有机化学）,中国科学院上海药物研究所,化学部,2017
赵宇亮,54,分析化学、放射化学,国家纳米科学中心、中国科学院高能物理研究所,化学部,2017
郭子建,55,化学生物学,南京大学,化学部,2017
彭孝军,54,精细化工,大连理工大学,化学部,2017
谢在库,53,石油化工,中国石油化工股份有限公司,化学部,2017
谢作伟,53,有机化学,香港中文大学,化学部,2017
卞修武,53,医学（病理学）,陆军军医大学,生命科学和医学学部,2017
刘耀光,63,植物遗传学,华南农业大学,生命科学和医学学部,2017
陆林,50,精神病学与临床心理学,北京大学,生命科学和医学学部,2017
陈化兰（女）,48,兽医学、病毒学,中国农业科学院哈尔滨兽医研究所,生命科学和医学学部,2017
陈晔光,52,细胞生物学,清华大学,生命科学和医学学部,2017
季维智,67,生殖与发育生物学,昆明理工大学,生命科学和医学学部,2017
种康,55,植物生理学,中国科学院植物研究所,生命科学和医学学部,2017
顾东风,58,预防心脏病学与流行病学,中国医学科学院阜外医院,生命科学和医学学部,2017
徐涛,46,生物物理学,中国科学院生物物理研究所,生命科学和医学学部,2017
黄荷凤（女）,59,妇产科学,上海交通大学,生命科学和医学学部,2017
蒋华良,52,药物科学,中国科学院上海药物研究所,生命科学和医学学部,2017
樊嘉,59,肿瘤学（肝癌基础与临床）,复旦大学,生命科学和医学学部,2017
魏辅文,53,保护生物学,中国科学院动物研究所,生命科学和医学学部,2017
丁林,51,构造地质学,中国科学院青藏高原研究所,地学部,2017
张宏福,54,岩石地球化学,西北大学,地学部,2017
杨经绥,67,岩石大地构造,中国地质科学院地质研究所,地学部,2017
邵明安,60,土壤物理学,中国科学院教育部水土保持与生态环境研究中心,地学部,2017
邹才能,53,石油与天然气地质,中国石油勘探开发研究院,地学部,2017
侯增谦,56,矿床学,中国地质科学院地质研究所,地学部,2017
徐义刚,50,岩石学,中国科学院广州地球化学研究所,地学部,2017
窦贤康,51,空间物理,中国科学技术大学、武汉大学,地学部,2017
潘永信,53,固体地球物理,中国科学院地质与地球物理研究所,地学部,2017
戴民汉,52,海洋生物地球化学,厦门大学,地学部,2017
毛军发,51,电磁场与微波技术,上海交通大学,信息技术科学部,2017
王建宇,58,光电技术,中国科学院上海技术物理研究所,信息技术科学部,2017
吴朝晖,50,计算机应用,浙江大学,信息技术科学部,2017
杨德仁,53,半导体材料,浙江大学,信息技术科学部,2017
郑志明,63,信息科学/数学,北京航空航天大学,信息技术科学部,2017
管晓宏,61,系统工程,西安交通大学,信息技术科学部,2017
田永君,54,超硬材料,燕山大学,技术科学部,2017
刘昌胜,50,生物材料,华东理工大学,技术科学部,2017
张清杰,58,材料科学与工程,武汉理工大学,技术科学部,2017
杨伟,54,飞行器设计与飞行控制,中国航空工业集团,技术科学部,2017
杨孟飞,54,空间技术,中国空间技术研究院,技术科学部,2017
芮筱亭,60,兵器发射理论与技术,南京理工大学,技术科学部,2017
欧阳明高,58,汽车动力系统,清华大学,技术科学部,2017
段文晖,50,计算材料科学,清华大学,技术科学部,2017
郭万林,56,力学,南京航空航天大学,技术科学部,2017
郭烈锦,53,能源动力工程多相流与氢能,西安交通大学,技术科学部,2017
滕锦光,53,结构工程,香港理工大学,技术科学部,2017
魏悦广,57,固体力学及跨尺度力学,北京大学,技术科学部,2017
王贻芳,52,粒子物理实验,中国科学院高能物理研究所,数学物理学部,2015
邓小刚,54,空气动力学,国防科技大学,数学物理学部,2015
朱诗尧,69,物理、光学,北京计算科学研究中心,数学物理学部,2015
江松,52,应用数学、计算数学,北京应用物理与计算数学研究所,数学物理学部,2015
杜江峰,46,量子物理及其应用,中国科学技术大学,数学物理学部,2015
张平文,48,计算数学,北京大学,数学物理学部,2015
陈仙辉,52,凝聚态物理,中国科学技术大学,数学物理学部,2015
罗民兴,52,理论物理,浙江大学,数学物理学部,2015
莫毅明,59,数学,香港大学,数学物理学部,2015
景益鹏,51,天体物理,上海交通大学,数学物理学部,2015
谢心澄,56,凝聚态物理,北京大学,数学物理学部,2015
于吉红（女）,48,无机化学,吉林大学,化学部,2015
刘云圻,66,物理化学,中国科学院化学研究所,化学部,2015
安立佳,50,高分子物理,中国科学院长春应用化学研究所,化学部,2015
孙世刚,60,电化学,厦门大学,化学部,2015
李玉良,65,无机化学,中国科学院化学研究所,化学部,2015
张锁江,50,化学工程,中国科学院过程工程研究所,化学部,2015
席振峰,52,有机化学,北京大学,化学部,2015
唐勇,50,有机化学,中国科学院上海有机化学研究所,化学部,2015
谭蔚泓,55,分析化学,湖南大学,化学部,2015
王福生,52,临床传染病学,中国人民解放军第三〇二医院,生命科学和医学学部,2015
李蓬（女）,49,生理学与生物化学,清华大学,生命科学和医学学部,2015
宋微波,56,动物学,中国海洋大学,生命科学和医学学部,2015
张旭,53,神经科学,中国科学院上海生命科学研究院,生命科学和医学学部,2015
陈义汉,50,内科学,同济大学,生命科学和医学学部,2015
陈孝平,62,肝脏外科,华中科技大学,生命科学和医学学部,2015
陈国强,51,基础医学—病理生理学,上海交通大学,生命科学和医学学部,2015
邵峰,43,感染与免疫的分子机制,北京生命科学研究所,生命科学和医学学部,2015
周琪,45,干细胞生物学,中国科学院动物研究所,生命科学和医学学部,2015
徐国良,50,分子遗传学,中国科学院上海生命科学研究院,生命科学和医学学部,2015
曹晓风（女）,50,植物表观遗传学,中国科学院遗传与发育生物学研究所,生命科学和医学学部,2015
阎锡蕴（女）,58,纳米生物学,中国科学院生物物理研究所,生命科学和医学学部,2015
杨树锋,68,构造地质学,浙江大学,地学部,2015
吴福元,52,岩石学,中国科学院地质与地球物理研究所,地学部,2015
沈树忠,53,古生物学与地层学,中国科学院南京地质古生物研究所,地学部,2015
张人禾,52,气象学,中国气象科学研究院,地学部,2015
陈大可,57,物理海洋学,国家海洋局第二海洋研究所,地学部,2015
陈发虎,52,环境变化,兰州大学,地学部,2015
陈晓非,57,固体地球物理学,中国科学技术大学,地学部,2015
郝芳,51,石油地质学,中国地质大学(武汉),地学部,2015
夏军,60,水文学及水资源,武汉大学,地学部,2015
高锐,65,地球物理与深部构造,中国地质科学院地质研究所,地学部,2015
王永良,50,信号与信息处理,空军预警学院,信息技术科学部,2015
刘明（女）,51,微电子科学与技术,中国科学院微电子研究所,信息技术科学部,2015
陆建华,51,通信与信息系统,清华大学,信息技术科学部,2015
房建成,49,导航、制导与控制,北京航空航天大学,信息技术科学部,2015
姜杰（女）,54,导航、制导与控制,中国航天科技集团,信息技术科学部,2015
周志鑫,49,信号与信息处理,北京市遥感信息研究所,信息技术科学部,2015
顾瑛（女）,56,生物医学光子学（激光医学）,中国人民解放军总医院,信息技术科学部,2015
黄如（女）,45,微电子学与固体电子学,北京大学,信息技术科学部,2015
闫楚良,67,飞机结构寿命与可靠性,国机集团科学技术研究院有限公司,技术科学部,2015
何雅玲（女）,51,传热传质学,西安交通大学,技术科学部,2015
邹志刚,60,材料学,南京大学,技术科学部,2015
汪卫华,51,材料科学,中国科学院物理研究所,技术科学部,2015
陈云敏,53,岩土工程,浙江大学,技术科学部,2015
陈维江,56,高电压与绝缘技术,国家电网公司,技术科学部,2015
俞大鹏,56,无机非金属材料科学与工程,北京大学,技术科学部,2015
宣益民,58,工程热物理,南京航空航天大学,技术科学部,2015
倪晋仁,52,治河工程、环境工程,北京大学,技术科学部,2015
常青,57,建筑学,同济大学,技术科学部,2015
韩杰才,49,材料科学与工程,哈尔滨工业大学,技术科学部,2015
向涛,50,凝聚态理论,中国科学院物理研究所,数学物理学部,2013
孙鑫,74,凝聚态物理,复旦大学,数学物理学部,2013
励建书,53,数学,香港科技大学,数学物理学部,2013
汪景琇,69,太阳物理,中国科学院国家天文台,数学物理学部,2013
陈十一,56,力学,北京大学,数学物理学部,2013
陈恕行,72,数学,复旦大学,数学物理学部,2013
欧阳颀,57,凝聚态物理,北京大学,数学物理学部,2013
周向宇,48,基础数学,中国科学院数学与系统科学研究院,数学物理学部,2013
赵政国,56,粒子物理与原子核物理,中国科学技术大学,数学物理学部,2013
丁奎岭,47,有机化学,中国科学院上海有机化学研究所,化学部,2013
方维海,57,物理化学,北京师范大学,化学部,2013
冯小明,49,有机化学,四川大学,化学部,2013
李永舫,64,高分子化学与物理,中国科学院化学研究所,化学部,2013
杨秀荣（女）,67,分析化学,中国科学院长春应用化学研究所,化学部,2013
张洪杰,59,无机化学,中国科学院长春应用化学研究所,化学部,2013
张涛,49,化工（工业催化）,中国科学院大连化学物理研究所,化学部,2013
韩布兴,55,物理化学,中国科学院化学研究所,化学部,2013
谢毅（女）,45,无机化学,中国科学技术大学,化学部,2013
金力,50,进化遗传学,复旦大学,生命科学和医学学部,2013
赵继宗,67,神经外科学,首都医科大学,生命科学和医学学部,2013
施一公,46,生物物理学,清华大学,生命科学和医学学部,2013
桂建芳,57,鱼类遗传育种,中国科学院水生生物研究所,生命科学和医学学部,2013
高福,51,病原微生物学与免疫学,中国疾病预防控制中心、中国科学院微生物研究所,生命科学和医学学部,2013
韩家淮,53,细胞生物学,厦门大学,生命科学和医学学部,2013
韩斌,50,作物遗传与基因组学,中国科学院上海生命科学研究院,生命科学和医学学部,2013
程和平,50,细胞生物学和生物物理学,北京大学,生命科学和医学学部,2013
赫捷,52,胸外科,中国医学科学院肿瘤医院,生命科学和医学学部,2013
王成善,61,沉积学,中国地质大学（北京）,地学部,2013
王会军,49,大气科学,中国科学院大气物理研究所,地学部,2013
吴立新,46,物理海洋学,中国海洋大学,地学部,2013
张培震,57,地震动力学,中国地震局地质研究所,地学部,2013
陈骏,58,地球化学,南京大学,地学部,2013
金之钧,55,石油地质学,中国石油化工股份有限公司石油勘探开发研究院,地学部,2013
周成虎,48,地图学与地理信息系统,中国科学院地理科学与资源研究所,地学部,2013
郭正堂,49,新生代地质与环境,中国科学院地质与地球物理研究所,地学部,2013
崔鹏,55,自然地理学与水土保持学,中国科学院水利部成都山地灾害与环境研究所,地学部,2013
彭平安,52,有机地球化学,中国科学院广州地球化学研究所,地学部,2013
王立军,66,光电子学,中国科学院长春光学精密机械与物理研究所,信息技术科学部,2013
王巍,46,导航、制导与控制,中国航天科技集团,信息技术科学部,2013
尹浩,53,通信网络与信息系统,中国人民解放军总参谋部,信息技术科学部,2013
吕建,53,计算机软件,南京大学,信息技术科学部,2013
郝跃,55,微电子学,西安电子科技大学,信息技术科学部,2013
龚旗煌,48,非线性光学、超快光子学,北京大学,信息技术科学部,2013
谭铁牛,49,模式识别与计算机视觉,中国科学院自动化研究所,信息技术科学部,2013
丁汉,49,机械电子工程,华中科技大学,技术科学部,2013
方岱宁,55,固体力学,北京大学,技术科学部,2013
成会明,49,材料科学与工程,中国科学院金属研究所,技术科学部,2013
刘维民,50,润滑材料与技术,中国科学院兰州化学物理研究所,技术科学部,2013
李应红,50,航空推进技术,中国人民解放军空军工程大学,技术科学部,2013
邱勇,48,有机光电材料,清华大学,技术科学部,2013
何满潮,57,矿山工程岩体力学,中国矿业大学（北京）,技术科学部,2013
金红光,56,工程热物理,中国科学院工程热物理研究所,技术科学部,2013
高德利,55,油气钻探与开采,中国石油大学（北京）,技术科学部,2013
王广厚,71,原子分子与团簇物理,南京大学,数学物理学部,2011
张维岩,55,激光聚变与等离子体物理、理论物理,中国工程物理研究院,数学物理学部,2011
张肇西,70,粒子物理理论,中国科学院理论物理研究所,数学物理学部,2011
陈永川,47,应用数学,南开大学,数学物理学部,2011
武向平,50,天体物理,中国科学院国家天文台,数学物理学部,2011
袁亚湘,51,运筹学,中国科学院数学与系统科学研究院,数学物理学部,2011
高鸿钧,47,凝聚态物理,中国科学院物理研究所,数学物理学部,2011
鄂维南,47,数学,北京大学、普林斯顿大学,数学物理学部,2011
潘建伟,41,量子信息、原子分子与光物理,中国科学技术大学,数学物理学部,2011
田禾,48,精细化工,华东理工大学,化学部,2011
刘忠范,48,物理化学,北京大学,化学部,2011
严纯华,50,无机化学,北京大学,化学部,2011
张俐娜（女）,70,天然高分子与高分子物理,武汉大学,化学部,2011
李亚栋,46,无机化学,清华大学,化学部,2011
杨学明,48,物理化学,中国科学院大连化学物理研究所,化学部,2011
赵进才,50,环境化学,中国科学院化学研究所,化学部,2011
朱玉贤,55,植物生理学,北京大学,生命科学和医学学部,2011
张学敏,47,医学,军事医学科学院,生命科学和医学学部,2011
张明杰,44,结构生物学,香港科技大学,生命科学和医学学部,2011
李林,50,生物化学与分子生物学,中国科学院上海生命科学研究院,生命科学和医学学部,2011
赵玉沛,56,外科学（普通外科）,北京协和医院,生命科学和医学学部,2011
康乐,52,昆虫学,中国科学院动物研究所,生命科学和医学学部,2011
黄路生,46,动物遗传育种与繁殖,江西农业大学,生命科学和医学学部,2011
舒红兵,44,细胞生物学,武汉大学,生命科学和医学学部,2011
葛均波,48,心血管内科,复旦大学,生命科学和医学学部,2011
万卫星,52,空间物理,中国科学院地质与地球物理研究所,地学部,2011
石广玉,68,大气物理,中国科学院大气物理研究所,地学部,2011
刘丛强,55,地表地球化学,中国科学院地球化学研究所,地学部,2011
周忠和,46,古生物学,中国科学院古脊椎动物与古人类研究所,地学部,2011
郭华东,60,遥感科学与应用,中国科学院对地观测与数字地球科学中心,地学部,2011
高山,49,地球化学,中国地质大学（武汉）,地学部,2011
龚健雅,54,测绘科学与技术,武汉大学,地学部,2011
傅伯杰,53,自然地理学、景观生态学,中国科学院生态环境研究中心,地学部,2011
焦念志,48,生物海洋学,厦门大学,地学部,2011
舒德干,65,古生物学及进化生物学,西北大学,地学部,2011
李树深,48,半导体器件物理,中国科学院半导体研究所,信息技术科学部,2011
杨学军,48,计算机体系结构与系统软件,国防科技大学,信息技术科学部,2011
郑建华,54,密码学,中国人民解放军保密委员会技术安全研究所,信息技术科学部,2011
金亚秋,64,电磁散射与空间遥感信息,复旦大学,信息技术科学部,2011
徐宗本,56,智能信息处理,西安交通大学,信息技术科学部,2011
梅宏,48,计算机软件,北京大学,信息技术科学部,2011
黄维,48,有机光电子学,南京邮电大学,信息技术科学部,2011
朱荻,57,机械制造及其自动化,南京航空航天大学,技术科学部,2011
张统一,61,力学,香港科技大学,技术科学部,2011
沈保根,58,磁性材料,中国科学院物理研究所,技术科学部,2011
郑平,75,工程热物理,上海交通大学,技术科学部,2011
南策文,48,复合材料,清华大学,技术科学部,2011
赖远明,48,土木工程（寒区工程）,中国科学院寒区旱区环境与工程研究所,技术科学部,2011
翟婉明,47,载运工具运用工程,西南交通大学,技术科学部,2011
雒建斌,49,机械设计及理论,清华大学,技术科学部,2011
魏炳波,47,材料科学与工程,西北工业大学,技术科学部,2011
孙昌璞,46,理论物理,中国科学院理论物理研究所,数学物理学部,2009
李安民,62,数学,四川大学,数学物理学部,2009
罗俊,52,引力物理,华中科技大学,数学物理学部,2009
郑晓静（女）,51,力学,兰州大学,数学物理学部,2009
席南华,46,数学,中国科学院数学与系统科学研究院,数学物理学部,2009
崔向群（女）,57,天体物理,中国科学院国家天文台,数学物理学部,2009
万立骏,51,物理化学,中国科学院化学研究所,化学部,2009
包信和,49,物理化学,中国科学院大连化学物理研究所,化学部,2009
江雷,44,无机化学,中国科学院化学研究所,化学部,2009
江桂斌,51,分析化学、环境化学,中国科学院生态环境研究中心,化学部,2009
陈小明,47,无机化学,中山大学,化学部,2009
周其林,52,有机化学,南开大学,化学部,2009
唐本忠,52,高分子化学与物理,香港科技大学,化学部,2009
涂永强,50,有机化学,兰州大学,化学部,2009
庄文颖（女）,60,真菌学,中国科学院微生物研究所,生命科学和医学学部,2009
尚永丰,45,生物化学与分子生物学,北京大学,生命科学和医学学部,2009
林鸿宣,48,作物遗传学,中国科学院上海生命科学研究院,生命科学和医学学部,2009
侯凡凡（女）,58,内科学（肾脏病学）,南方医科大学,生命科学和医学学部,2009
隋森芳,64,生物物理学,清华大学,生命科学和医学学部,2009
周卫健（女）,56,宇宙成因核素与全球变化,中国科学院地球环境研究所,地学部,2009
郑永飞,49,地球化学,中国科学技术大学,地学部,2009
莫宣学,70,岩石学,中国地质大学（北京）,地学部,2009
陶澍,58,环境地理,北京大学,地学部,2009
翟明国,61,前寒武纪地质与变质地质学,中国科学院地质与地球物理研究所,地学部,2009
刘国治,48,高功率微波,中国核试验基地,信息技术科学部,2009
许宁生,51,真空微纳光电子学,中山大学,信息技术科学部,2009
怀进鹏,46,计算机软件,北京航空航天大学,信息技术科学部,2009
陈定昌,72,导航、制导与控制,中国航天科工集团,信息技术科学部,2009
于起峰,51,实验力学、精密光测,国防科技大学,技术科学部,2009
王曦,42,材料科学,中国科学院上海微系统与信息技术研究所,技术科学部,2009
王光谦,47,水力学及河流动力学,清华大学,技术科学部,2009
王自强,70,固体力学,中国科学院力学研究所,技术科学部,2009
王锡凡,73,电力系统,西安交通大学,技术科学部,2009
申长雨,46,塑料成型及模具技术,郑州大学,技术科学部,2009
刘竹生,69,火箭总体设计,中国航天科技集团,技术科学部,2009
王恩哥,50,凝聚态物理,中国科学院物理研究所,数学物理学部,2007
龙以明,58,数学,南开大学,数学物理学部,2007
邢定钰,62,凝聚态物理,南京大学,数学物理学部,2007
吴岳良,45,理论物理,中国科学院理论物理研究所,数学物理学部,2007
张伟平,43,基础数学,南开大学,数学物理学部,2007
俞昌旋,65,等离子体物理,中国科学技术大学,数学物理学部,2007
宋礼成,69,有机化学,南开大学,化学部,2007
张希,41,高分子化学和物理,清华大学,化学部,2007
段雪,50,化学工程（应用化学）,北京化工大学,化学部,2007
赵东元,44,物理化学,复旦大学,化学部,2007
柴之芳,64,放射化学,中国科学院高能物理研究所,化学部,2007
高松,43,无机化学,北京大学,化学部,2007
杨焕明,54,基因组学,中国科学院北京基因组研究所,生命科学和医学学部,2007
陈润生,66,生物信息学,中国科学院生物物理研究所,生命科学和医学学部,2007
孟安明,43,发育生物学,清华大学,生命科学和医学学部,2007
武维华,50,植物生理学,中国农业大学,生命科学和医学学部,2007
段树民,49,神经生物学,中国科学院上海生命科学研究院,生命科学和医学学部,2007
赵进东,50,植物生理学、藻类学,北京大学,生命科学和医学学部,2007
谢华安,65,植物遗传育种,福建省农业科学院,生命科学和医学学部,2007
张经,49,化学海洋学与海洋生物地球化学,华东师范大学,地学部,2007
杨元喜,50,大地测量,西安测绘研究所,地学部,2007
姚檀栋,52,冰川环境与全球变化,中国科学院青藏高原研究所,地学部,2007
穆穆,52,大气动力学,中国科学院大气物理研究所,地学部,2007
吴一戎,43,信号与信息处理,中国科学院电子学研究所,信息技术科学部,2007
王克明,68,材料物理,山东大学,技术科学部,2007
任露泉,63,仿生科学与工程,吉林大学,技术科学部,2007
祝世宁,57,功能材料（微结构功能材料）,南京大学,技术科学部,2007
胡海岩,50,一般力学,南京航空航天大学,技术科学部,2007
程时杰,61,电力系统及其自动化,华中科技大学,技术科学部,2007
王诗宬,52,数学,北京大学,数学物理学部,2005
王鼎盛,64,物理,中国科学院物理研究所,数学物理学部,2005
张家铝,66,天体物理,中国科学技术大学,数学物理学部,2005
张裕恒,67,凝聚态物理,中国科学技术大学,数学物理学部,2005
陈和生,58,粒子物理,中国科学院高能物理研究所,数学物理学部,2005
龚昌德,72,物理,南京大学,数学物理学部,2005
彭实戈,57,数学,山东大学,数学物理学部,2005
詹文龙,49,核物理,中国科学院近代物理研究所,数学物理学部,2005
冯守华,49,无机化学,吉林大学,化学部,2005
田中群,49,物理化学,厦门大学,化学部,2005
江明,66,高分子化学和物理,复旦大学,化学部,2005
吴云东,47,理论有机化学,香港科技大学,化学部,2005
李洪钟,64,化学工程,中国科学院过程工程研究所,化学部,2005
陈懿,72,物理化学,南京大学,化学部,2005
姚建年,51,物理化学,中国科学院化学研究所,化学部,2005
麻生明,39,有机化学,中国科学院上海有机化学研究所,化学部,2005
颜德岳,68,高分子化学与物理,上海交通大学,化学部,2005
方精云,45,生态学,北京大学,生命科学和医学学部,2005
王大成,64,分子生物物理学,中国科学院生物物理研究所,生命科学和医学学部,2005
王正敏,69,临床医学(耳鼻咽喉科学),复旦大学,生命科学和医学学部,2005
王恩多(女),60,生物化学与分子生物学,中国科学院上海生命科学研究院,生命科学和医学学部,2005
邓子新,48,农业微生物学,上海交通大学,生命科学和医学学部,2005
汪忠镐,67,临床医学(血管外科),首都医科大学,生命科学和医学学部,2005
陈晓亚,49,植物生理学,中国科学院上海生命科学研究院,生命科学和医学学部,2005
贺林,51,医学遗传学,上海交通大学,生命科学和医学学部,2005
赵国屏,56,分子微生物学,中国科学院上海生命科学研究院,生命科学和医学学部,2005
常文瑞,64,结构生物学,中国科学院生物物理研究所,生命科学和医学学部,2005
曾益新,42,肿瘤学,中山大学肿瘤防治中心,生命科学和医学学部,2005
童坦君,70,老年医学基础,北京大学,生命科学和医学学部,2005
丁仲礼,48,第四纪地质与古气候,中国科学院地质与地球物理研究所,地学部,2005
王铁冠,67,分子有机地球化学、石油地质学,中国石油大学(北京),地学部,2005
吕达仁,65,大气物理,中国科学院大气物理研究所,地学部,2005
杨文采,62,地球物理,中国地质科学院地质研究所,地学部,2005
邱占祥,69,地层与古哺乳动物学,中国科学院古脊椎动物与古人类研究所,地学部,2005
金振民,63,构造地质学,中国地质大学(武汉),地学部,2005
魏奉思,63,空间物理,中国科学院空间科学与应用研究中心,地学部,2005
王家骐,65,光学精密仪器,中国科学院长春光学精密机械与物理研究所,信息技术科学部,2005
包为民,45,制导与控制,中国航天科技集团,信息技术科学部,2005
何积丰,61,计算机软件与理论,华东师范大学,信息技术科学部,2005
吴培亨,65,超导电子学,南京大学,信息技术科学部,2005
黄民强,44,信息通讯,中国人民解放军总参谋部,信息技术科学部,2005
褚君浩,60,红外光电子材料和器件,中国科学院上海技术物理研究所,信息技术科学部,2005
吴硕贤,57,建筑技术科学,华南理工大学,技术科学部,2005
李天,66,飞机空气动力学,中国航空工业集团,技术科学部,2005
李述汤,58,材料科学,香港城市大学,技术科学部,2005
陈祖煜,62,水利水电、土木,中国水利水电科学研究院,技术科学部,2005
赵淳生,66,机械设计及理论,南京航空航天大学,技术科学部,2005
都有为,68,磁性材料,南京大学,技术科学部,2005
陶文铨,66,工程热物理,西安交通大学,技术科学部,2005
顾逸东,58,航空、航天系统工程,中国科学院光电研究院,技术科学部,2005
薛其坤,41,材料物理,中国科学院物理研究所、清华大学,技术科学部,2005
邝宇平,70,理论物理,清华大学,数学物理学部,2003
朱邦芬,55,凝聚态物理,清华大学,数学物理学部,2003
张杰,45,等离子体物理,中国科学院物理研究所,数学物理学部,2003
李家春,62,流体力学,中国科学院力学研究所,数学物理学部,2003
陆埮,71,天体物理,南京大学,数学物理学部,2003
陈木法,56,数学,北京师范大学,数学物理学部,2003
洪家兴,60,基础数学,复旦大学,数学物理学部,2003
陶瑞宝,66,凝聚态理论,复旦大学,数学物理学部,2003
葛墨林,64,理论物理,南开大学,数学物理学部,2003
解思深,61,凝聚态物理,中国科学院物理研究所,数学物理学部,2003
计亮年,69,生物无机化学,中山大学,化学部,2003
吴奇,48,高分子科学,香港中文大学,化学部,2003
吴养洁,75,有机化学,郑州大学,化学部,2003
张玉奎,60,分析化学,中国科学院大连化学物理研究所,化学部,2003
李灿,43,物理化学,中国科学院大连化学物理研究所,化学部,2003
杨玉良,50,高分子化学与物理,复旦大学,化学部,2003
侯建国,43,物理化学,中国科学技术大学,化学部,2003
洪茂椿,49,无机化学,中国科学院福建物质结构研究所,化学部,2003
费维扬,63,化学工程,清华大学,化学部,2003
黄宪,69,有机化学,浙江大学,化学部,2003
方荣祥,57,植物病毒学、植物生物技术,中国科学院微生物研究所,生命科学和医学学部,2003
刘允怡,55,肝胆胰外科,香港中文大学,生命科学和医学学部,2003
孙汉董,63,植物资源、化学和新药的研究开发,中国科学院昆明植物研究所,生命科学和医学学部,2003
张亚平,37,进化生物学与保护遗传学,中国科学院昆明动物研究所,生命科学和医学学部,2003
沈岩,51,分子生物学、遗传学,中国医学科学院基础医学研究所,生命科学和医学学部,2003
陈霖,57,认知科学,中国科学院研究生院,生命科学和医学学部,2003
林其谁,65,生物化学,中国科学院上海生命科学研究院,生命科学和医学学部,2003
郑光美,70,鸟类学,北京师范大学,生命科学和医学学部,2003
饶子和,52,生物物理学与结构生物学,清华大学,生命科学和医学学部,2003
郭爱克,63,神经科学,中国科学院上海生命科学研究院,生命科学和医学学部,2003
魏于全,43,肿瘤学,四川大学,生命科学和医学学部,2003
邓起东,65,构造地质学（活动构造）,中国地震局地质研究所,地学部,2003
叶嘉安,50,地理信息科学,香港大学,地学部,2003
刘嘉麒,61,火山地质与第四纪环境地质,中国科学院地质与地球物理研究所,地学部,2003
朱日祥,47,地球物理学,中国科学院地质与地球物理研究所,地学部,2003
李曙光,62,地球化学,中国科学技术大学,地学部,2003
陆大道,62,经济地理,中国科学院地理资源研究所,地学部,2003
陈旭,66,古生物学与地层学,中国科学院南京地质古生物研究所,地学部,2003
秦大河,56,冰冻圈与全球变化,中国气象局,地学部,2003
贾承造,55,石油地质、构造地质,中国石油勘探开发研究院,地学部,2003
符淙斌,63,10气候与全球变化,中国科学院大气物理研究所,地学部,2003
卢柯,37,材料科学,中国科学院金属研究所,技术科学部,2003
叶培建,58,空间飞行器总体与信息处理,中国空间技术研究院,技术科学部,2003
朱位秋,64,力学,浙江大学,技术科学部,2003
邢球痕,72,固体火箭发动机,中国航天科技集团,技术科学部,2003
吴宏鑫,63,控制理论与控制工程,中国空间技术研究院,技术科学部,2003
杨卫,49,固体力学,清华大学,技术科学部,2003
陈创天,66,材料科学,中国科学院理化技术研究所,技术科学部,2003
陈国良,64,计算机,中国科学技术大学,技术科学部,2003
周远,64,制冷与低温工程,中国科学院理化技术研究所,技术科学部,2003
林尊琪,60,高功率激光科学与技术,中国科学院上海光学精密机械研究所,技术科学部,2003
范守善,56,材料物理与化学,清华大学,技术科学部,2003
郑有炓,67,半导体材料与器件,南京大学,技术科学部,2003
金展鹏,64,材料科学、相图与相变,中南大学,技术科学部,2003
郭光灿,60,光学,中国科学技术大学,技术科学部,2003
章梓雄,58,流体力学,香港大学,技术科学部,2003
黄琳,67,控制科学,北京大学,技术科学部,2003
彭堃墀,66,光学,山西大学,技术科学部,2003
叶朝辉,59,波谱学,中国科学院武汉物理与数学研究所,数学物理学部,2001
田刚,42,基础数学,北京大学、美国麻省理工学院,数学物理学部,2001
张殿琳,66,凝聚态物理,中国科学院物理研究所,数学物理学部,2001
李邦河,58,数学,中国科学院数学与系统科学研究院,数学物理学部,2001
汪承灏,63,超声学,中国科学院声学研究所,数学物理学部,2001
邹广田,62,高压物理,吉林大学,数学物理学部,2001
陈式刚,65,理论物理,北京应用物理与计算数学研究所,数学物理学部,2001
周又元,62,天体物理,中国科学技术大学,数学物理学部,2001
赵光达,61,理论物理,北京大学,数学物理学部,2001
郭柏灵,64,应用数学,北京应用物理与计算数学研究所,数学物理学部,2001
任詠华(女),38,无机化学,香港大学,化学部,2001
江龙,68,物理化学,中国科学院化学研究所,化学部,2001
陈洪渊,63,分析化学,南京大学,化学部,2001
陈新滋,50,有机化学,香港理工大学,化学部,2001
麦松威,64,结构化学,香港中文大学,化学部,2001
林国强,58,有机化学,中国科学院上海有机化学研究所,化学部,2001
郑兰荪,46,无机化学,厦门大学,化学部,2001
曹镛,59,高分子化学与物理,华南理工大学,化学部,2001
黄春辉(女),68,无机化学,北京大学,化学部,2001
程津培,52,有机化学,南开大学,化学部,2001
王志珍(女),58,生物化学、分子生物学,中国科学院生物物理研究所,生命科学和医学学部,2001
叶玉如(女),45,神经生物学,香港科技大学,生命科学和医学学部,2001
孙大业,63,细胞生物学,河北师范大学,生命科学和医学学部,2001
张友尚,75,生物化学与分子生物学,中国科学院上海生物化学与细胞生物学研究所,生命科学和医学学部,2001
张永莲(女),66,分子内分泌学,中国科学院上海生物化学与细胞生物学研究所,生命科学和医学学部,2001
李家洋,44,植物分子遗传学,中国科学院遗传研究所,生命科学和医学学部,2001
陈文新(女),74,土壤微生物学,中国农业大学,生命科学和医学学部,2001
郑守仪(女),69,生物学,中国科学院海洋研究所,生命科学和医学学部,2001
金国章,73,药理学,中国科学院上海药物研究所,生命科学和医学学部,2001
贺福初,39,细胞生物学、遗传学,军事医学科学院放射医学研究所,生命科学和医学学部,2001
赵尔宓,71,两栖爬行动物学,中国科学院成都生物研究所,生命科学和医学学部,2001
梁智仁,58,脊柱外科及小儿骨科,香港大学,生命科学和医学学部,2001
王颖(女),66,海岸海洋地貌与沉积学,南京大学,地学部,2001
石耀霖,67,地球物理,中国科学院研究生院,地学部,2001
李小文,54,地理学,北京师范大学,地学部,2001
李崇银,61,气象,中国科学院大气物理研究所,地学部,2001
金玉玕,63,地层学,中国科学院南京地质古生物研究所,地学部,2001
胡敦欣,64,海洋学,中国科学院海洋研究所,地学部,2001
钟大赉,67,构造地质学,中国科学院地质与地球物理研究所,地学部,2001
徐世浙,64,地球物理,浙江大学,地学部,2001
涂传诒,60,空间物理,北京大学,地学部,2001
马祖光,73,光电子技术,哈尔滨工业大学,技术科学部,2001
刘宝镛,65,导弹总体设计,中国航天科技集团,技术科学部,2001
庄逢辰,69,火箭发动机和工程热物理,解放军装备指挥技术学院,技术科学部,2001
张泽,48,材料科学晶体结构,中国科学院物理研究所,技术科学部,2001
张楚汉,67,水利水电工程,清华大学,技术科学部,2001
陈达,63,核科学与技术,中国核试验基地,技术科学部,2001
陈桂林,59,空间红外遥感技术,中国科学院上海技术物理研究所,技术科学部,2001
郑时龄,59,建筑学,同济大学,技术科学部,2001
柳百新,65,材料物理与化学,清华大学,技术科学部,2001
唐叔贤,59,材料表面科学与技术,香港大学,技术科学部,2001
夏建白,61,半导体物理,中国科学院半导体研究所,技术科学部,2001
秦国刚,67,半导体材料物理,北京大学,技术科学部,2001
郭雷,39,控制科学,中国科学院数学与系统科学研究院,技术科学部,2001
高玉臣,63,固体力学,北京交通大学,技术科学部,2001
葛昌纯,67,粉末冶金、先进陶瓷,北京科技大学,技术科学部,2001
